{"license":"","file_hash":null,"name":"JsonData","version":"1.0.2","description":"Package to manage data using Newtonsoft Json library for C#. It can handle primitive object types (string, int, double, etc.) as well as Autodesk.DesignScript and Revit object types. Non-primitive objects are kept intact along the graph, only converted to its string representation when writing to file. \r\n***Updates***\r\n- SortByKeys node change to SortKeys.\r\n- Added SortByKeyValue node, to sort multiple JsonObjects by the value assciated with a given key.\r\n- Most of the nodes now support directly accessing nested JsonObjects by giving their nested keys joined by a dot in a single string.\r\n  Example: using the node ByKeysAndValues, if the key is \"first.second\" and the value \"third\", the resulting JsonObject would be as below.\r\n      {\r\n        \"first\" : {\r\n          \"second\": \"third\"\r\n        }\r\n      }","group":"","keywords":["json","data","jsonobject","sort","merge"],"dependencies":[],"contents":"","engine_version":"1.3.0.875","engine":"dynamo","engine_metadata":"","site_url":"","repository_url":"","contains_binaries":true,"node_libraries":["JsonData, Version=1.0.0.0, Culture=neutral, PublicKeyToken=null"]}